<?xml version="1.0" encoding="UTF-8"?>
<project-private xmlns="http://www.netbeans.org/ns/project-private/1">
    <editor-bookmarks xmlns="http://www.netbeans.org/ns/editor-bookmarks/2" lastBookmarkId="0"/>
    <open-files xmlns="http://www.netbeans.org/ns/projectui-open-files/2">
        <group>
            <file>file:/C:/Users/SwanMorbius%20Tec/Desktop/codes/RMI/Distributed-Bank-System--Java-RMI-Implementation--master/BankClient/src/com/assignment/bank/Home_Panel.java</file>
            <file>file:/C:/Users/SwanMorbius%20Tec/Desktop/codes/RMI/Distributed-Bank-System--Java-RMI-Implementation--master/BankClient/src/com/assignment/bank/Numpad_Panel.java</file>
            <file>file:/C:/Users/SwanMorbius%20Tec/Desktop/codes/RMI/Distributed-Bank-System--Java-RMI-Implementation--master/BankClient/src/com/assignment/bank/Record_Panel.java</file>
            <file>file:/C:/Users/SwanMorbius%20Tec/Desktop/codes/RMI/Distributed-Bank-System--Java-RMI-Implementation--master/BankClient/src/com/assignment/bank/Main_Driver.java</file>
            <file>file:/C:/Users/SwanMorbius%20Tec/Desktop/codes/RMI/Distributed-Bank-System--Java-RMI-Implementation--master/BankClient/src/com/assignment/bank/Option_Panel.java</file>
            <file>file:/C:/Users/SwanMorbius%20Tec/Desktop/codes/RMI/Distributed-Bank-System--Java-RMI-Implementation--master/BankClient/src/com/assignment/bank/Menu_Panel.java</file>
            <file>file:/C:/Users/SwanMorbius%20Tec/Desktop/codes/RMI/Distributed-Bank-System--Java-RMI-Implementation--master/BankClient/src/com/assignment/bank/BankInterface.java</file>
            <file>file:/C:/Users/SwanMorbius%20Tec/Desktop/codes/RMI/Distributed-Bank-System--Java-RMI-Implementation--master/BankClient/src/com/assignment/bank/Main_Process.java</file>
        </group>
    </open-files>
</project-private>
